ID,BORE_OIL_VOL
6021,410.5388752514683
6022,12.74308042569057
6023,420.7445703267253
6024,11.108419093071504
6025,29.24349225743276
6026,422.3486172366841
6027,509.20471237510503
6028,804.8758753270433
6029,574.0026764691111
6030,509.5706043305377
6031,359.38590380071724
6032,556.6901224612081
6033,346.86414767555885
6034,823.4518627702942
6035,422.7512459614301
6036,857.6588789525667
6037,340.61110558004185
6038,547.7836523682874
6039,352.49245862840615
6040,423.31658949788095
6041,423.0484246709735
6042,535.5146964073037
6043,324.99831849725433
6044,864.2051565816532
6045,314.8198273966964
6046,422.1650981256223
6047,324.7067343693852
6048,536.2445612742969
6049,304.50621533157425
6050,928.020111865439
6051,410.67282686656375
6052,520.3712161949429
6053,296.9694434972876
6054,324.650807452369
6055,999.1223475161612
6056,408.34988365265474
6057,1160.4851546581383
6058,508.27535316223975
6059,324.6472180140764
6060,288.09570391398233
6061,825.5245803146126
6062,167.4517989031503
6063,170.8805384358447
6064,167.43219340167946
6065,288.5806112549694
6066,281.95864243273905
6067,281.2901068591224
6068,1018.186430794053
6069,308.6842468352485
6070,407.12181638225184
6071,378.02239093986867
6072,1253.6111918695601
6073,436.1722255717772
6074,268.25451140793973
6075,324.05254548488364
6076,324.40097941512784
6077,459.3739816348548
6078,265.05942063304025
6079,1237.338667130999
6080,363.23903433856185
6081,324.2434065884629
6082,457.77760447131834
6083,1244.0812590562484
6084,259.0394974313352
6085,363.25564059502585
6086,322.5750146856711
6087,245.5138133710402
6088,308.3778339382823
6089,363.26776621079154
6090,1247.6177804616855
6091,312.76280815448723
6092,363.0222859019572
6093,1247.0521168219882
6094,317.47659424648276
6095,218.95424244092052
6096,322.0812244943571
6097,363.4974800109147
6098,1256.0447590860942
6099,224.02788126589442
6100,316.39700573052727
6101,318.9345493640577
6102,0.019068925514664874
6103,223.86203418891782
6104,367.86574522387895
6105,316.7471204726343
6106,1267.5087287449585
6107,222.96079042822495
6108,316.86639966717615
6109,367.5020483712804
6110,314.7477337780833
6111,313.0554122839633
6112,367.49468141657803
6113,220.3269435171013
6114,1267.3445271347302
6115,304.6487130486085
6116,300.3001832876157
6117,313.0459945889235
6118,271.22125759258154
6119,1156.4365921672213
6120,150.74870876959258
6121,14.069345570403323
6122,365.9375078256196
6123,1257.75976056004
6124,281.6172381147403
6125,311.46161997468755
6126,281.74364075496055
6127,371.335719233016
6128,312.0593035674406
6129,0.0
6130,1279.431712581555
6131,313.23555081851663
6132,283.2898440767643
6133,1284.9778189623999
6134,371.2730713214578
6135,0.0
6136,304.59415790102736
6137,1286.9273403320233
6138,0.0
6139,279.7950862367345
6140,373.1422988709381
6141,373.4215056946492
6142,283.95036611977315
6143,300.09757764872853
6144,0.0
6145,1284.864380776259
6146,0.0
6147,365.80043475130446
6148,1277.2230309762804
6149,279.1233076203764
6150,299.5283594637405
6151,299.3208030523815
6152,0.0
6153,129.2765364260881
6154,288.2141498279044
6155,1274.4367423359515
6156,298.92511285173566
6157,1274.5492958330337
6158,286.0211817566737
6159,0.0
6160,397.1023102688982
6161,284.73966227220257
6162,371.1880480605579
6163,298.861369487373
6164,1273.7402771143256
6165,38.47352940775286
6166,1270.3373790411251
6167,298.4155375561941
6168,371.64154887145224
6169,33.693609148777114
6170,278.81261375278825
6171,1269.154420486426
6172,334.7547707576126
6173,296.0787300238627
6174,0.0
6175,146.9912555247624
6176,342.22285926108214
6177,0.0
6178,96.96607153866606
6179,293.98091450228935
6180,1286.9273403320233
6181,276.4348242297762
6182,293.67606142423165
6183,1286.9273403320233
6184,0.0
6185,405.3867014002782
6186,0.0
6187,131.20086837478732
6188,292.87467016375297
6189,1286.9273403320233
6190,309.69188760635114
6191,214.63619990250544
6192,793.1867271838787
6193,311.16814994641794
6194,120.11792139642925
6195,0.0
6196,72.6308435248408
6197,276.7333293989324
6198,421.48706266783864
6199,0.0
6200,213.14404549140565
6201,278.6385641363929
6202,427.11238050064867
6203,1282.0319686969624
6204,0.0
6205,278.6506426527452
6206,0.0
6207,214.16710251816465
6208,286.9203435250587
6209,1281.7828913476837
6210,420.1452424177963
6211,972.5900794113406
6212,408.6034105303229
6213,218.00483452641782
6214,0.0
6215,217.7590627087047
6216,148.84841991859807
6217,225.97745449258724
6218,9.5711544666005
6219,419.9549832608062
6220,1063.2791976560852
6221,409.20902071500984
6222,1278.9914418091487
6223,228.39743335715522
6224,313.27974715771944
6225,282.0103541739421
6226,280.777857433848
6227,1279.6157408511554
6228,307.25626276322754
6229,223.54011664696742
6230,394.4843128208229
6231,282.01767768882564
6232,372.24310391279295
6233,1280.4548088378015
6234,224.86451149127353
6235,311.54683899365904
6236,1279.5829823096597
6237,315.23255100045014
6238,206.18369054082768
6239,429.3291521836969
6240,282.0547771034929
6241,1280.69226316509
6242,319.3101613831981
6243,281.8911059003512
6244,369.6742746855144
6245,250.2595990576939
6246,1279.846604321658
6247,281.9426304988011
6248,418.92783439611253
6249,182.77597131537368
6250,310.84457905209365
6251,365.2462310456368
6252,304.69241630991615
6253,1282.6151125292838
6254,281.9466324464433
6255,244.3764598063569
6256,359.84198425775764
6257,265.0222783799083
6258,302.3672449632434
6259,278.8955153420511
6260,1281.1333278497366
6261,302.4210722261229
6262,226.1884713591065
6263,364.34954895823273
6264,278.1758770784544
6265,1281.1033347356436
6266,361.0677387270558
6267,277.91490833755984
6268,1280.0031166418785
6269,223.5301763722844
6270,302.389564626282
6271,293.15590837921604
6272,362.5120009418225
6273,224.72850980629332
6274,1279.8927397166726
6275,278.0056982412592
6276,1279.7997820767264
6277,296.77982508669254
6278,277.56988655505137
6279,362.4204766823834
6280,224.29452337761995
6281,276.175399243081
6282,290.04034191695393
6283,362.4286918239103
6284,263.1183567171182
6285,1279.2119552505305
6286,284.88262318260195
6287,224.89371544746646
6288,1279.2373235785722
6289,274.99312387236216
6290,362.4792003858664
6291,1278.8726058952736
6292,363.1584342513015
6293,263.7021595198439
6294,285.1512168651586
6295,275.0860758870679
6296,262.92433160356956
6297,274.95061892776795
6298,1278.7808822013462
6299,362.82135495461137
6300,309.58327080453716
6301,275.0916209495606
6302,284.29270793764215
6303,267.4107748817765
6304,1278.391263925811
6305,362.96780945954566
6306,275.0702174731513
6307,154.87795861027655
6308,362.61598728797117
6309,267.1702932980833
6310,1276.8610640268569
6311,361.54772987790204
6312,274.07441779114555
6313,268.4292465287093
6314,1277.5625900618725
6315,0.0
6316,355.79467636418417
6317,0.0
6318,270.65492910851435
6319,1286.9273403320233
6320,235.21274687263318
6321,0.0
6322,270.52264132364064
6323,353.22754765733373
6324,1286.9273403320233
6325,262.0578588368047
6326,270.66797350831393
6327,262.35327418167725
6328,353.3526739361181
6329,0.0
6330,1286.9273403320233
6331,215.63551590207976
6332,0.0
6333,361.2692133887658
6334,270.3127983086159
6335,1286.0047103298093
6336,0.0
6337,355.0354488381389
6338,271.5450368868244
6339,1285.3650008832237
6340,221.52944005116012
6341,355.6841095061502
6342,1284.9530998250007
6343,271.3412890796154
6344,0.0
6345,262.6899368263876
6346,271.14033891432337
6347,262.82063930597616
6348,0.0
6349,1284.3443308312094
6350,354.6182440493862
6351,1281.8250966701585
6352,0.0
6353,355.3944026010206
6354,228.9891078330026
6355,271.050076604148
6356,0.0
6357,261.4984404713085
6358,270.843554584601
6359,1283.7289580878569
6360,355.33226524890307
6361,0.0
6362,258.0486046108764
6363,356.0012377470551
6364,1283.4593477662481
6365,270.9306299254404
6366,271.0043827708544
6367,0.0
6368,1281.853366515134
6369,355.98513196676424
6370,260.05622301551335
6371,271.0562257357626
6372,0.0
6373,259.8364389332177
6374,1280.2200242745012
6375,355.5263319809435
6376,0.0
6377,259.39513342831316
6378,1278.5387076183413
6379,271.1617628348224
6380,355.4059786759258
6381,0.0
6382,271.07383038093025
6383,354.66946716619384
6384,260.60124934784034
6385,1278.9717866933352
6386,0.0
6387,1279.104439008687
6388,271.0090758279703
6389,354.9023842020354
6390,262.5929946439029
6391,354.71742367666917
6392,0.0
6393,1240.0292950145483
6394,270.13691188810424
6395,261.3754884074768
6396,354.23359972453693
6397,1241.5968219102679
6398,0.0
6399,256.81243473374366
6400,265.6182353864728
6401,354.8484197826755
6402,260.11040726846807
6403,1242.2904288667442
6404,264.2006723493864
6405,11.80845857468558
6406,353.7087615438696
6407,260.0846331150764
6408,1243.8882774760384
6409,264.34998089129004
6410,289.4347775894529
6411,259.74234640762995
6412,1237.8996121662578
6413,354.8770118191554
6414,301.0902125649619
6415,264.16477225367674
6416,1243.1601132493754
6417,354.5857842596055
6418,262.92282901537885
6419,299.01788138243603
6420,257.57012569925683
6421,70.93020543520014
6422,1078.9725334133311
6423,353.2012258383515
6424,58.81583388438559
6425,277.75636077940015
6426,427.65480729807393
6427,0.0
6428,264.06000680179545
6429,0.007929666166984957
6430,354.39818334799776
6431,0.007929666166984957
6432,344.99016687340765
6433,425.90242203162086
6434,0.0
6435,264.4939486666552
6436,14.27439081176963
6437,286.98055272744455
6438,471.9563710261632
6439,344.43431812645645
6440,86.81847655378945
6441,267.9698287004444
6442,299.959783108238
6443,253.91237239880135
6444,1245.7401660942419
6445,347.1399207983812
6446,1253.2861827246475
6447,283.3780756840099
6448,354.239481828988
6449,345.5102219116154
6450,269.5907902104602
6451,352.19705040952897
6452,268.31401737728993
6453,1253.8735685721863
6454,273.1326075070539
6455,227.41855294412028
6456,1256.631161900393
6457,272.4987376734798
6458,352.9571042245763
6459,219.88573935612922
6460,263.5059862017652
6461,262.9458810780049
6462,1252.995923435834
6463,271.06105610648126
6464,351.41389954756147
6465,218.6975473239802
6466,266.63751375761564
6467,211.06766629474458
6468,352.58228531080357
6469,263.40985873909034
6470,1238.5212622848032
6471,351.9447948042432
6472,260.27357069761274
6473,28.21811485581853
6474,1237.5384428891166
6475,207.55678490213114
6476,352.1380316480473
6477,204.42763950863304
6478,260.72947051832966
6479,1235.1302818706588
6480,0.0
6481,204.6710358909496
6482,1236.5806023830792
6483,352.63791436683607
6484,258.98955142410097
6485,0.0010693001931734488
6486,0.0
6487,201.8803495198219
6488,352.9861596083561
6489,1237.9695389567744
6490,259.19392841422456
6491,1236.2304480162602
6492,203.64701058693487
6493,259.72682237335687
6494,353.3518781607758
6495,0.0
6496,353.14428584180445
6497,1236.1420706609163
6498,0.0
6499,259.74830300566504
6500,203.02482490636575
6501,259.8078804680948
6502,353.59483828176934
6503,202.48532937445873
6504,0.0
6505,1236.558247620209
6506,352.79596425285206
6507,259.6476485417902
6508,200.87135875870172
6509,0.0
6510,1232.438326769808
6511,1230.8471225911849
6512,259.8915959402283
6513,204.4265783346351
6514,0.0
6515,352.698538436515
6516,259.78599917226757
6517,0.0
6518,352.88050292773994
6519,203.7128903025451
6520,1231.6521891478249
6521,1231.3201309014105
6522,352.822051245492
6523,210.64571896350432
6524,0.0
6525,258.45102169256586
6526,211.0591156187832
6527,0.0
6528,1228.7350612381017
6529,352.6966865776887
6530,258.3506367842173
6531,211.61563807774033
6532,1222.356148824871
6533,352.4644061690168
6534,258.49265978146434
6535,0.0
6536,258.6786288872752
6537,244.2375159329203
6538,1221.7823936032487
6539,351.06616818177224
6540,0.0
6541,0.0
6542,1220.9949523299026
6543,350.9621700625225
6544,212.28036684579763
6545,258.57868305139294
6546,1220.2594420324504
6547,348.6177462912351
6548,259.4737817942152
6549,0.0
6550,243.69941681598524
6551,346.82237530655254
6552,211.73640977856667
6553,0.0
6554,1216.1651625459644
6555,259.5013403159238
6556,0.0
6557,1214.972105142781
6558,343.0543515934933
6559,208.9113838049854
6560,259.131052825181
6561,260.7057094653923
6562,0.0
6563,1216.1865852903902
6564,341.92140003406007
6565,211.39923935599012
6566,99.65047223487394
6567,344.4259007103749
6568,260.2581520531635
6569,216.24094155796874
6570,1215.7515830805046
6571,346.6277337730065
6572,216.8145563556634
6573,1215.7474958327423
6574,260.1721528188555
6575,278.8815270615641
6576,1215.890541846676
6577,347.89956165651313
6578,216.69819615402594
6579,260.23718913206943
6580,280.0376468419016
6581,1216.0674839424414
6582,348.3029118554631
6583,215.96145991663928
6584,279.9804792071921
6585,260.51714729846015
6586,349.33484068345695
6587,1216.7105508622667
6588,214.9961395381609
6589,258.80734903682946
6590,279.4616163914778
6591,259.04271463576947
6592,349.184743975556
6593,259.5159432398367
6594,1217.2569582714793
6595,238.86392083197757
6596,350.1335763650736
6597,216.98526844230125
6598,249.39201972038273
6599,1216.8443461621748
6600,259.0310556783112
6601,350.0949846397581
6602,1221.393977923541
6603,258.9265561146806
6604,248.04872189071958
6605,240.23929620498066
6606,1226.0128914117913
6607,237.6727052027851
6608,259.3756800089962
6609,348.43141664222696
6610,247.30167019256797
6611,284.0037337347469
6612,258.5076216705548
6613,220.42316145754586
6614,347.381963558703
6615,1223.0316610881168
6616,1223.427772186667
6617,270.8572468774443
6618,347.7749383175967
6619,234.02889974458085
6620,256.43029761601593
6621,349.3506066392514
6622,255.7525376112435
6623,269.01091725711746
6624,1155.9062185705884
6625,237.9919676854395
6626,238.5801614718963
6627,1155.5542046597343
6628,349.88497383838813
6629,265.86467019416943
6630,255.69590885354523
6631,214.11779456676268
6632,1155.4846248092335
6633,50.77528974084999
6634,255.52701111416866
6635,349.0181531432654
6636,1156.4663384143378
6637,0.0
6638,349.69365521767224
6639,255.41564116980814
6640,239.38648675561234
6641,255.09605014011308
6642,136.40334479245527
6643,1156.413958729104
6644,350.0306083998652
6645,0.0
6646,0.0
6647,255.8235309346886
6648,248.46028055676783
6649,350.03288550001514
6650,1158.4833404976102
6651,255.46012609150154
6652,0.0
6653,1160.1785655370325
6654,245.9784364546285
6655,350.16717956665934
6656,350.23772353866667
6657,255.52565945594213
6658,238.39977672230896
6659,1160.1943470557128
6660,0.0
6661,350.68908467799315
6662,255.76311319731028
6663,1158.0104784535154
6664,0.0
6665,212.9068538010523
6666,255.5638498114221
6667,218.05905958970214
6668,0.0
6669,1158.0226070571516
6670,350.7105951817932
6671,0.0
6672,1156.9097369511264
6673,350.6826370654155
6674,237.69133339665137
6675,254.79847905023465
6676,236.61055504540658
6677,1157.134027366912
6678,0.0
6679,254.48503715470196
6680,350.3938853332434
6681,236.20850068530706
6682,0.0
6683,350.75347082109533
6684,1156.2031405131845
6685,251.12248232390624
6686,1156.0639009323925
6687,347.4322482098735
6688,233.16533637455993
6689,246.91806145712945
6690,0.0
6691,246.74914414253476
6692,347.83970920547426
6693,1155.6984383937095
6694,0.0
6695,234.48000305119868
6696,0.0
6697,347.1606226247841
6698,233.55040754905008
6699,246.23193848477854
6700,1155.2323904433035
6701,246.4618857683741
6702,232.77988161009534
6703,347.1114312950034
6704,0.0
6705,1155.5868538356042
6706,1155.5883504605915
6707,234.20293547471402
6708,246.23462009978707
6709,346.70495139957427
6710,0.0
6711,1155.6073565979482
6712,232.66681948136232
6713,346.95139652014814
6714,245.52416054383056
6715,0.0
6716,229.7796604473094
6717,347.90339909911256
6718,0.0
6719,245.18680839524072
6720,1155.5583422642776
6721,0.0
6722,245.12632111583522
6723,232.40433249951272
6724,1154.9008849799459
6725,346.96254697788976
6726,17.46076000266658
6727,349.4364656088358
6728,244.77085153093176
6729,1154.9040185997073
6730,234.53836644769058
6731,1155.2253688818546
6732,235.01574645242613
6733,239.9391512582929
6734,259.4999166204431
6735,350.30161966295094
6736,236.09932673367217
6737,1155.3125666224844
6738,348.90012463378173
6739,266.2862233037076
6740,239.76455107020826
6741,263.45736594508253
6742,240.18771088012784
6743,349.6601869199985
6744,1155.6217741957983
6745,234.94863756392468
6746,239.0728774004969
6747,351.3813993372443
6748,1156.2655734006944
6749,258.2418070460821
6750,234.2455710850702
6751,351.08197589123
6752,1156.7261983642104
6753,234.54955015048796
6754,117.80790189636004
6755,239.03606833370327
6756,1156.560815587369
6757,232.70387034984626
6758,350.0385878691954
6759,237.9532512592064
6760,0.0
6761,1153.7222350830848
6762,350.20029471967035
6763,232.096117383393
6764,0.0
6765,238.05986087699603
6766,238.13122249805295
6767,349.9277857543567
6768,0.0
6769,225.29380475641742
6770,1155.74874572464
6771,1157.7200347468654
6772,349.3774595651029
6773,219.6975964410916
6774,0.0
6775,238.0047162128128
6776,350.8017470016567
6777,0.0
6778,1158.9904847069106
6779,232.15615957882687
6780,243.59635739427148
6781,242.4991211239602
6782,0.0
6783,350.0955152122494
6784,1158.399109893099
6785,234.37053423945594
6786,0.0
6787,1158.635962646124
6788,351.452526363869
6789,242.31043868911658
6790,232.95467565978095
6791,242.79898344248028
6792,1158.9512671934817
6793,232.98678519290732
6794,0.0
6795,352.4537307477757
6796,1158.7317461406915
6797,242.5597732158869
6798,233.52064999549165
6799,351.73121054405874
6800,0.0
6801,242.19861979882444
6802,351.8878010422326
6803,0.0
6804,1158.7649899929606
6805,232.29851856105427
6806,310.63731800237673
6807,1079.990160799059
6808,229.79888248713286
6809,0.0
6810,177.85429877606475
6811,0.0
6812,352.15270489271205
6813,234.1813234490419
6814,241.00277234096072
6815,1157.638636302065
6816,1157.586308113458
6817,241.61139618449218
6818,352.6415164082469
6819,0.0
6820,231.25355245237125
6821,1156.1853381475405
6822,240.82461360448553
6823,352.82081812902874
6824,0.0
6825,230.19644069121208
6826,19.180094188714353
6827,1155.4774112878586
6828,226.40447282712094
6829,251.46725689088504
6830,352.8223939619117
6831,352.3936445203855
6832,263.3953867877291
6833,1154.8546175033862
6834,247.87674108688432
6835,226.51416773508245
6836,352.6671670557135
6837,1153.7792499607322
6838,224.6000020656134
6839,270.4567878430217
6840,247.121519433973
6841,352.7085985800781
6842,1155.4876812078733
6843,223.12403083313103
6844,270.1823179839119
6845,250.02125199814185
6846,1155.1788024839805
6847,249.77217353876574
6848,220.51759904479877
6849,259.5009059969169
6850,352.804637780158
6851,220.56037855391224
6852,249.8879069115523
6853,352.8382705477802
6854,248.0614232045968
6855,1155.155868676222
6856,352.7738690311906
6857,221.6968201348784
6858,1155.2086736170334
6859,233.64724629766926
6860,249.24114347583054
6861,1154.5339156817602
6862,219.18206507638337
6863,253.67327356783036
6864,231.64048276316987
6865,352.1795737197
6866,253.73408306046645
6867,230.29962084907257
6868,220.4839681837915
6869,1154.4867002571186
6870,350.16059702877465
6871,218.86897672940782
6872,1153.9414909658237
6873,228.1594097297617
6874,249.12914224564415
6875,351.1020196848564
6876,1146.6525104868736
6877,220.21083971954843
6878,226.98934632798807
6879,252.49032153356634
6880,347.90500355560556
6881,249.0687747552758
6882,221.29248281242633
6883,225.3359466431921
6884,347.4096250132978
6885,1129.491499565108
6886,220.84325475521518
6887,344.08098162006434
6888,1130.0759100853518
6889,227.7605561544756
6890,249.07843797667363
6891,342.13163750745605
6892,249.0973199655919
6893,1129.2533225913728
6894,220.65919733395532
6895,257.69813655512263
6896,249.15552848036705
6897,1132.3572918578811
6898,257.65486215413273
6899,328.53525738699636
6900,219.55560469399686
6901,219.55927539613435
6902,267.01265112806686
6903,326.36652484185424
6904,253.8584517405321
6905,1131.8855489729413
6906,217.50191155904443
6907,252.8623934505359
6908,327.6124065923408
6909,255.39068159291716
6910,1129.627905331489
6911,254.71951935654442
6912,215.59807052479385
6913,252.86649969027286
6914,1121.3453379094005
6915,325.58373095787977
6916,326.8940495331268
6917,252.90375226785844
6918,1124.3444420410383
6919,254.1778524781334
6920,214.4831978807221
6921,251.29604590604177
6922,214.078923318517
6923,253.00683908432194
6924,326.6651418339411
6925,1123.3109485064908
6926,19.469527677571218
6927,1131.4003634794242
6928,328.70430586647865
6929,250.67347134461875
6930,213.70805902975331
6931,0.0
6932,330.1460005150662
6933,250.67857862979506
6934,1142.3901374017837
6935,218.5121767354184
6936,0.0
6937,343.1915847543702
6938,246.8006317004231
6939,1151.7931464123362
6940,218.11218279547987
6941,218.831533372911
6942,0.0
6943,343.287657846865
6944,250.77654225503258
6945,1159.6138814743188
6946,343.1682702285342
6947,0.0
6948,250.6527649615644
6949,219.8971048847257
6950,1158.7781516359482
6951,344.5619929154995
6952,217.75332045973778
6953,1155.9248938700189
6954,246.078732667456
6955,0.0
6956,1157.1919246169807
6957,345.74931048348463
6958,0.0
6959,249.28739280262374
6960,218.53539228677909
6961,345.76198129280033
6962,1157.2862278207622
6963,219.39673585038614
6964,0.0
6965,246.2634116395258
6966,345.0201349903482
6967,219.40329363635465
6968,1156.0820193171992
6969,245.97423360111074
6970,0.0
6971,244.66548538177244
6972,344.3847115085155
6973,218.27322419279835
6974,0.0
6975,1155.9088990368364
6976,0.0
6977,344.43303299572926
6978,1154.5732274476732
6979,245.3693400267768
6980,214.7547623159874
6981,0.0
6982,1153.1523544219015
6983,246.46166255753903
6984,344.9148201927338
6985,214.32530006500386
6986,0.0
6987,347.6638883431434
6988,213.53803936629225
6989,246.28959839847917
6990,1152.6855547697628
6991,1152.1661117165318
6992,214.42851620903588
6993,0.0
6994,347.48053995310136
6995,246.19050160714886
6996,1152.0544365522414
6997,347.48336239465874
6998,246.14797623423365
6999,215.41965788633797
7000,0.0
7001,246.15119207698854
7002,1152.3920430999447
7003,212.11644200290755
7004,0.0
7005,347.87824429531156
7006,346.33150324747425
7007,1152.6672820630683
7008,245.51961240864074
7009,214.02956246747164
7010,0.0
7011,1152.4563415785608
7012,245.16341688033447
7013,103.73946282190181
7014,346.1747173914262
7015,0.0
7016,1152.2472078696806
7017,0.0
7018,244.99427837102303
7019,345.94578098259916
7020,0.0
7021,0.0
7022,344.44228598383336
7023,0.0
7024,1151.3967388502324
7025,243.38339606737281
7026,241.43086087162138
7027,0.0
7028,1146.4537550557175
7029,0.0
7030,344.33180046613097
7031,0.0
7032,345.67631389284196
7033,241.40526789251473
7034,1130.3821026331614
7035,212.83115826796546
7036,242.56449034411474
7037,1129.8505223716677
7038,0.0
7039,241.08969083075766
7040,344.58639458403877
7041,245.87253964236442
7042,1129.04063779851
7043,0.0
7044,241.1288400385922
7045,344.8388933541784
7046,1151.8903129904918
7047,255.28695100373392
7048,241.24079230337313
7049,346.03311644099205
7050,0.0
7051,241.09601363695293
7052,1153.1561396396671
7053,0.0
7054,244.21559494524237
7055,346.0631122216857
7056,0.0
7057,241.16550493741124
7058,1152.9762509306538
7059,346.1883420872342
7060,235.3378654148977
7061,0.0
7062,346.19557625335017
7063,241.02457069005806
7064,1153.1675879000397
7065,220.81126970335254
7066,310.3314478992305
7067,240.76803685447496
7068,1154.3330215279636
7069,219.2524446103793
7070,0.0
7071,0.0
7072,240.9212085434471
7073,216.9933677616013
7074,340.80859000279645
7075,1154.6834067632674
7076,0.0
7077,240.9288299361499
7078,215.30032031169475
7079,340.52702627509035
7080,1155.3578755398357
7081,237.20864874329797
7082,1173.851965014687
7083,0.0
7084,308.1140447854562
7085,217.083220971833
7086,1173.7286245000103
7087,216.27777197833376
7088,0.0
7089,237.38979898188256
7090,308.51002224055094
7091,237.37141797131645
7092,1173.1644376494805
7093,308.7774655483706
7094,247.69250090767954
7095,0.0
7096,0.0
7097,311.8487453013588
7098,252.06147976146002
7099,1172.1454947077261
7100,237.16618320564345
7101,241.96146426708805
7102,311.89402802011716
7103,237.06938596222145
7104,0.0
7105,1170.6225456376947
7106,237.0501905739272
7107,1165.0270510271928
7108,312.3275630207494
7109,0.0
7110,237.1363904526452
7111,16.3869335616736
7112,1151.560346918231
7113,0.0
7114,237.12273836108727
7115,313.7932879025308
7116,237.19878263514394
7117,0.0
7118,0.0
7119,313.0806489289572
7120,1150.9702539704467
7121,1149.3338961082738
7122,0.0
7123,0.0
7124,237.1587659081278
7125,314.3430669806126
7126,0.0
7127,237.4558612304605
7128,0.0
7129,1149.6554494296338
7130,314.06345366968225
7131,314.3796902123283
7132,0.0
7133,0.0
7134,237.18824740858574
7135,1148.7699495663687
7136,314.1931293612866
7137,0.0
7138,237.46323721450895
7139,1148.7437242995916
7140,0.0
7141,237.50607930325634
7142,0.0
7143,1146.6283527202615
7144,0.0
7145,313.32768558915683
7146,237.09641008839213
7147,0.0
7148,1145.49934921788
7149,313.6918756806327
7150,0.0
7151,0.0
7152,1142.754760672691
7153,5.053111076550596
7154,313.8204345296117
7155,237.0088280563896
7156,0.0
7157,1142.9303510724353
7158,261.8282196318138
7159,237.42770567910796
7160,314.4632909343169
7161,205.30464953395312
7162,0.0
7163,237.19876013212863
7164,1142.2673133441544
7165,314.12028080421203
7166,181.79086748418774
7167,236.58780488162623
7168,1141.694855303698
7169,0.0
7170,313.2164553816342
7171,270.986318588041
7172,0.0
7173,312.6101348121985
7174,234.7541005492435
7175,1141.4530341542034
7176,258.4844341269568
7177,1139.7123144994832
7178,313.4410108095937
7179,0.0
7180,236.33114628485853
7181,313.44284873064845
7182,236.18415874380736
7183,1140.0367902061662
7184,0.0
7185,236.99233236782362
7186,313.4742892268931
7187,236.42531490415496
7188,1143.6165653905332
7189,0.0
7190,236.16224694892864
7191,1144.8571051798212
7192,314.20955927296086
7193,236.3795944065938
7194,0.0
7195,232.57902576773046
7196,229.47443562939534
7197,315.13296839014674
7198,0.0
7199,235.95506953129836
7200,1145.965348595893
7201,0.0
7202,1146.8868989540476
7203,228.4417206886779
7204,236.27676193564878
7205,314.81956779629553
7206,707.7829707700305
7207,117.5698033692569
7208,59.991154380593976
7209,0.0
7210,265.5698290542227
7211,0.0
7212,0.0
7213,0.0
7214,0.0
7215,0.0
7216,0.0
7217,0.0
7218,0.0
7219,0.0
7220,0.0
7221,0.0
7222,0.0
7223,0.0
7224,0.0
7225,0.0
7226,0.0
7227,0.0
7228,0.0
7229,0.0
7230,0.0
7231,73.27794619029683
7232,377.0201518820501
7233,228.03532970845663
7234,0.0
7235,386.0543115462981
7236,268.1351419347074
7237,322.4166276661936
7238,165.225457622382
7239,987.4927879171355
7240,0.0
7241,0.0
7242,326.7078774858005
7243,284.4845573602191
7244,162.8996639777276
7245,1001.9384013583629
7246,1002.4183295931174
7247,0.0
7248,309.33534240542724
7249,330.7886701717792
7250,172.54356226207736
7251,327.76639374280444
7252,171.4228454087743
7253,303.2194349840481
7254,90.10232010691163
7255,989.3287562914296
7256,322.51161776011463
7257,321.3120831361579
7258,1110.2728283734948
7259,202.18213749995235
7260,168.15813613181655
7261,172.60990401799742
7262,301.8574200320034
7263,322.38120775747706
7264,1176.7944979646547
7265,205.05130761215608
7266,1174.7360320083023
7267,307.21867784475853
7268,324.70624442260487
7269,174.23972815578344
7270,211.28986095457552
7271,1174.2635200515879
7272,324.7188024902543
7273,306.6817142921487
7274,181.4851905414364
7275,207.5712669054474
7276,307.4339718855726
7277,1173.0384085921899
7278,324.71051485831373
7279,179.83271179304958
7280,210.91248337266418
7281,181.2840136738758
7282,203.9032240267061
7283,324.59466428449883
7284,307.14162167082003
7285,1170.962070939208
7286,179.22022403295227
7287,1169.995584141553
7288,306.24638108074737
7289,203.35182006797768
7290,324.60537213594733
7291,204.08440136722066
7292,1169.481667994589
7293,178.72488797197886
7294,324.40183402496143
7295,305.79648682758386
7296,204.7297627859043
7297,324.3172543490121
7298,1168.2474587085899
7299,307.7061007384709
7300,173.2331260980804
7301,204.13775944732907
7302,307.53720378953324
7303,173.03741885004288
7304,1167.8732911670863
7305,324.14705710077
7306,203.38496536596404
7307,324.17980851125407
7308,1168.0079156153138
7309,171.1168159717625
7310,307.3597626459946
7311,170.64724347946776
7312,307.98630839487635
7313,218.17833696621972
7314,323.9236823584216
7315,1168.380329631511
7316,166.8583688936982
7317,324.51915489977995
7318,308.0934058420898
7319,1168.6953250501192
7320,235.02086704714756
7321,308.80118100533764
7322,222.98065165620773
7323,324.54663449916603
7324,165.28848137781847
7325,1168.3583982074078
7326,219.56402227046917
7327,308.71707444914927
7328,1167.650325298584
7329,324.3842252774192
7330,166.6235938553879
7331,308.9487955052361
7332,27.209553152667034
7333,324.1465474155809
7334,1165.6101916469959
7335,164.42972384673996
7336,171.4304583760168
7337,323.9833831136336
7338,1165.5840294418592
7339,308.67713873622404
7340,0.0
7341,357.44362497894093
7342,1050.141823920056
7343,457.98927464984604
7344,147.79420093314988
7345,0.0
7346,169.12674034486193
7347,321.1366309631517
7348,302.5157875261705
7349,0.0
7350,1143.6722269079632
7351,0.0
7352,1169.6752778009445
7353,328.5125964205724
7354,302.70754925896125
7355,164.93776422705443
7356,323.3444510419113
7357,1170.9912464048487
7358,302.1317900977809
7359,0.0
7360,164.23720162314703
7361,165.50788494826037
7362,320.4926081732896
7363,0.0
7364,1161.5743429280085
7365,302.14977651791355
7366,302.0838024428665
7367,165.5605205022989
7368,320.236291352031
7369,0.0
7370,1148.9365518043674
7371,328.70925117628116
7372,1146.4980308909662
7373,165.4348160265764
7374,0.0
7375,302.0599460133579
7376,0.0
7377,163.2464245610234
7378,312.9200668730297
7379,309.24225635234006
7380,1146.719042889893
7381,0.0
7382,308.99337945470495
7383,1148.564641688026
7384,163.80052815243414
7385,305.1552535659121
7386,176.46961011512155
7387,0.0
7388,257.35889584788396
7389,1172.1259081523378
7390,304.6092047254579
7391,0.0
7392,234.4688396945099
7393,304.0323553031893
7394,1173.31392599966
7395,166.22010846368198
7396,233.04738688474603
7397,305.6419963031648
7398,1280.1351338013028
7399,171.79455715515934
7400,0.0
7401,1280.188660364961
7402,0.0
7403,232.63407471920218
7404,165.1230917702953
7405,306.8225437087384
7406,232.8623339135427
7407,161.00492938003646
7408,314.0003581466282
7409,0.0
7410,1286.6240271499023
7411,233.06065531963236
7412,315.0924918479617
7413,1286.9273403320233
7414,161.38996323358006
7415,0.0
7416,161.88908321273433
7417,314.37802265543064
7418,233.5271063523797
7419,1286.9273403320233
7420,0.0
7421,233.44812675177062
7422,1286.9273403320233
7423,160.2171019659419
7424,0.0
7425,316.4663498686453
7426,317.03976993106244
7427,0.0
7428,1286.9273403320233
7429,233.22360718406503
7430,163.77901123807953
7431,0.0
7432,233.107591356952
7433,1286.9273403320233
7434,179.67217321086974
7435,316.4196045987921
7436,234.49264661890632
7437,176.52276247992188
7438,0.0
7439,317.2774673732652
7440,1286.9273403320233
7441,162.72732531109904
7442,1286.9273403320233
7443,316.4914424982652
7444,234.36008340702585
7445,0.0
7446,162.38867127659066
7447,1110.0820429022194
7448,314.9985186472425
7449,228.20575239453794
7450,0.0
7451,231.7115636000973
7452,314.1125967000017
7453,163.57125266130626
7454,11.044718371166796
7455,1286.9273403320233
7456,186.96124650642534
7457,166.6077288303049
7458,252.8903286410115
7459,1286.9273403320233
7460,317.3926661854256
7461,231.81254348225187
7462,1286.9273403320233
7463,203.7424317721541
7464,178.07027455611745
7465,315.87191338375084
7466,1286.9273403320233
7467,207.20878926362562
7468,315.2475589671631
7469,168.1286313957261
7470,231.72898991673762
7471,315.9537356356931
7472,231.68247676010463
7473,177.7743215845373
7474,1286.9273403320233
7475,213.8775695057995
7476,314.9760128291616
7477,231.50271342335685
7478,167.79816055057486
7479,209.62384958414745
7480,1286.9273403320233
7481,202.84966108823392
7482,167.43744514687035
7483,314.92598928316846
7484,1286.9273403320233
7485,233.4539484695696
7486,233.4703042876382
7487,1286.9273403320233
7488,197.39793639557132
7489,315.5811118171556
7490,163.1743635904088
7491,1286.9273403320233
7492,230.94345288060742
7493,195.7021709448457
7494,315.1170991410439
7495,160.68656639948063
7496,233.34433375344867
7497,193.09958135625791
7498,162.6537742983276
7499,316.0959866376703
7500,1286.9273403320233
7501,193.16575246192966
7502,165.23811131563735
7503,315.30634607743866
7504,1286.9273403320233
7505,233.34190936443613
7506,164.63624875380467
7507,231.65648917796398
7508,192.73896476934414
7509,1286.9273403320233
7510,316.02485677090203
7511,139.78379189514254
7512,18.17407690112781
7513,230.95176033437536
7514,317.2640621923474
7515,203.5149578514845
7516,228.5990596648838
7517,315.3590871957612
7518,231.4613148869431
7519,164.77118618632397
7520,0.0
7521,225.60804733005133
7522,0.0
7523,231.1178356281466
7524,312.77456706646313
7525,185.2317436890437
7526,177.06003940698952
7527,185.6701816521797
7528,276.97100708060117
7529,155.90336408859753
7530,213.9367570816509
7531,161.52235262911728
7532,909.7448010383804
7533,286.14387669612023
7534,10.08100029103656
7535,217.72439139674208
7536,0.0
7537,231.46350949453733
7538,303.8637256592135
7539,0.0
7540,186.10099028066844
7541,180.93912044993698
7542,0.0
7543,0.0
7544,299.1977777809334
7545,231.60718871950115
7546,0.0
7547,0.0
7548,180.3208466019784
7549,303.37421863058063
7550,212.14346211698853
7551,0.0
7552,302.52122025282546
7553,161.94027942373907
7554,231.63318797264108
7555,489.4341104889939
7556,0.0
7557,231.49116996520058
7558,962.569641664485
7559,306.60685555706254
7560,121.54544201188055
7561,995.7911392227901
7562,305.5469442004495
7563,220.33904782732543
7564,0.0
7565,231.26483107875387
7566,0.0
7567,1016.0030311596754
7568,306.3842297757415
7569,231.080057769474
7570,26.546045502007047
7571,38.172913507853934
7572,231.05984326174723
7573,1031.6181139198168
7574,306.54818142141477
7575,0.0
7576,177.25013123262397
7577,1193.8530167797076
7578,0.0
7579,308.41437276851923
7580,231.05753002498435
7581,307.0220032362875
7582,0.0
7583,230.51899118494626
7584,161.47712838507724
7585,1098.3560938814273
7586,164.85898561085355
7587,0.0
7588,1075.2591893615752
7589,307.976514214611
7590,230.97728074867354
7591,231.0089383583204
7592,1100.1121202808627
7593,307.9946465850298
7594,180.9768251760513
7595,0.0
7596,307.85230785373307
7597,230.94647091374395
7598,0.0
7599,152.03986896604835
7600,1073.179509632727
7601,0.0
7602,1098.2026788881828
7603,308.1968471101623
7604,159.32266714459823
7605,230.7776285790183
7606,1100.518163613408
7607,158.10435788767973
7608,307.6795902957515
7609,0.0
7610,230.7134578112336
7611,157.0917896387352
7612,230.86857023588232
7613,0.0
7614,1107.6869643156504
7615,308.5841417985031
7616,1108.8435704686947
7617,228.8009079290006
7618,0.0
7619,155.23494543472313
7620,308.0646860727112
7621,0.0
7622,230.864735062412
7623,140.90146032702177
7624,1107.256628342156
7625,307.0929264249991
7626,230.7807988018656
7627,32.69576443164725
7628,27.378801581750995
7629,308.4966362511008
7630,1118.2090999986965
7631,176.89161168418462
7632,230.78029148458873
7633,1119.2779863903836
7634,308.37239797181604
7635,0.0
7636,31.42454405903624
7637,230.78698016329326
7638,307.33011042906406
7639,1119.6524443745495
7640,198.95926751059042
7641,306.76263903878925
7642,230.1613800385815
7643,1121.3331796330335
7644,104.0423671602645
7645,206.40425701239363
7646,7.4353888638769865
7647,306.6371385083731
7648,214.13484749723563
7649,230.3974526262196
7650,1125.3863607583128
7651,0.0
7652,213.2490627659099
7653,307.1721250377333
7654,1123.7678075287745
7655,230.3706225337343
7656,306.81478417408397
7657,0.0
7658,1122.6115523809913
7659,230.1008298438172
7660,201.6451942014055
7661,1118.8448418321634
7662,193.59562913702655
7663,0.0
7664,306.8443222492912
7665,228.84675167163815
7666,0.0
7667,1121.3835157914255
7668,229.03787267818223
7669,191.28699265645423
7670,307.6445372202139
7671,228.35007635996038
7672,192.24076335487658
7673,0.0
7674,1109.599466979276
7675,307.21975051951495
7676,307.5057956580574
7677,1107.2813245590005
7678,0.0
7679,202.81544605764503
7680,227.98711948902235
7681,307.49321947548754
7682,1107.3172980302388
7683,221.80668705830902
7684,0.0
7685,227.59419577737793
7686,0.0
7687,306.97245678005186
7688,216.38555277940878
7689,1111.0464493731736
7690,227.6132146906951
7691,301.0184805245414
7692,0.0
7693,226.19624284702425
7694,206.91453074915123
7695,1108.8624754292186
7696,301.52704109360667
7697,225.84598678080408
7698,1106.664200720605
7699,205.69849299980922
7700,0.0
7701,1105.2782078226753
7702,226.14967847346264
7703,0.0
7704,205.03040214500984
7705,303.0536000374379
7706,1107.6273605504766
7707,204.77130261693807
7708,225.88240760905927
7709,0.0
7710,306.74186908305904
7711,225.9499371967502
7712,0.0
7713,1090.0436746673506
7714,205.20258435696508
7715,306.08696437977864
7716,205.1771080972907
7717,0.0
7718,1082.5033798120328
7719,307.22159436915524
7720,226.3539715569095
7721,0.0
7722,1090.0986087260374
7723,304.16431557784887
7724,205.6147948923573
7725,226.68467558263444
7726,204.71718674910616
7727,226.68091389304277
7728,1101.7691305358742
7729,0.0
7730,288.23914269929475
7731,31.69653895147333
7732,25.074597398414923
7733,931.6641512745515
7734,140.13431256113958
7735,272.1527426787498
7736,227.45307253138952
7737,283.8470986465844
7738,182.52855616181583
7739,0.0
7740,1087.7407810419716
7741,1097.0548516814129
7742,289.6789386903809
7743,183.75433453059003
7744,0.0
7745,229.14694718466532
7746,177.86271740699692
7747,307.30084477050434
7748,0.0
7749,229.3634661815903
7750,1087.9324750968321
7751,211.01307484118124
7752,0.0
7753,229.1008125013157
7754,1074.8807960477689
7755,307.43963738484956
7756,227.68343678774778
7757,1074.4860704608009
7758,205.03002738988363
7759,306.8851364815087
7760,0.0
7761,226.8556575437861
7762,183.5561128701242
7763,306.58281562510155
7764,1074.8402181475574
7765,0.0
7766,1072.1051631877
7767,0.0
7768,166.93888958394214
7769,226.36235239351262
7770,305.6007600120339
7771,308.09176767863613
7772,0.0
7773,168.5979832357798
7774,226.54006301330944
7775,1072.3209563465587
7776,0.0
7777,1072.3279844149095
7778,167.42416526623958
7779,226.27275771979453
7780,305.9134864664045
7781,1073.7471121775372
7782,226.30021071640388
7783,166.70939594309985
7784,307.44934356996083
7785,0.0
7786,0.0
7787,1073.381463571828
7788,225.92610810161543
7789,165.41451801709573
7790,306.2231568718316
7791,1072.6140513608427
7792,225.43786043974634
7793,305.52620199352674
7794,163.99753652689586
7795,0.0
7796,1072.103930446736
7797,163.46113064740103
7798,225.35418980678992
7799,305.7883756013768
7800,0.0
7801,0.0
7802,162.71866019960572
7803,1072.5927177694364
7804,304.45866992258783
7805,221.46719620734575
7806,1073.1249492015336
7807,0.0
7808,303.54637619084497
7809,181.9340220846047
7810,222.03020102286763
7811,222.95145239248404
7812,0.0
7813,218.98960465230647
7814,305.26325428098716
7815,1072.6505463963895
7816,304.9651431093018
7817,217.68462015039137
7818,1072.7506079745667
7819,0.0
7820,222.0555313677544
7821,1072.4630084511628
7822,211.8734678788099
7823,304.71599792756206
7824,219.93158012620162
7825,0.0
7826,218.8071393698653
7827,211.25091265603197
7828,302.03442524136585
7829,1072.6425673296512
7830,0.0
7831,0.0
7832,217.72531507161494
7833,302.5949771952552
7834,206.0407272907064
7835,1072.6015617985536
7836,217.5639521513836
7837,205.5175229954464
7838,1072.6645270502847
7839,302.4045415370783
7840,0.0
7841,205.43030590455058
7842,0.0
7843,1072.8729708883286
7844,217.79380183936843
7845,303.2594097010022
7846,0.0
7847,349.44833957711154
7848,1202.8788397352112
7849,239.32614098975725
7850,221.7404982577144
7851,0.0
7852,347.7974520814739
7853,234.79810634011088
7854,219.81408573553927
7855,1202.1784458143698
7856,1222.7051243871729
7857,0.0
7858,297.50393737387304
7859,195.81345411442024
7860,208.94635591650936
7861,37.95847268504687
7862,33.205854178715356
7863,217.9899338583053
7864,306.2723199039152
7865,1237.347599443999
7866,225.42297619521742
7867,234.62633969894492
7868,1201.707530728356
7869,346.11393325619053
7870,0.0
7871,1203.2179085765508
7872,235.31382880898877
7873,239.82282692816585
7874,345.1650202099417
7875,0.0
7876,0.0
7877,344.0724414240336
7878,235.09969610506096
7879,1200.536434786067
7880,241.67208752091844
7881,0.0
7882,1200.6485731603075
7883,239.374915526664
7884,235.77606969174835
7885,344.4359756418088
7886,239.58096668919615
7887,0.0
7888,224.50635430164678
7889,343.1533809528529
7890,1206.144050643772
7891,214.1958121378612
7892,0.0
7893,344.51580095745146
7894,1205.52940141989
7895,239.58138957771655
7896,244.07850258667216
7897,0.0
7898,209.51521525143392
7899,341.7603807831821
7900,1214.621687227818
7901,245.53150638813753
7902,337.97939163812043
7903,0.0
7904,1211.0578000492214
7905,202.55354732629738
7906,0.0
7907,315.98021546199317
7908,203.90474226903052
7909,221.97889307501708
7910,1235.0759042015186
7911,211.31599062240625
7912,1209.5012306871804
7913,339.6618939393154
7914,246.10729249442383
7915,0.0
7916,245.91512368689754
7917,1208.9451411166203
7918,344.6850864583233
7919,204.21769287945224
7920,0.0
7921,245.4342727674868
7922,1208.8376171570508
7923,348.37869460675137
7924,0.0
7925,203.37610877838443
7926,0.0
7927,200.64826472854958
7928,246.52011824363342
7929,348.7426521386701
7930,1209.5289475543734
7931,1220.1760279150253
7932,246.03660279417778
7933,200.08459440680605
7934,348.582484046578
7935,0.0
7936,244.75929792348495
7937,1252.3245146078125
7938,347.79982034628244
7939,199.50971609974283
7940,0.012111713696402683
7941,208.53718843783537
7942,7.382789382154314
7943,302.84820362849104
7944,1237.4047387066962
7945,36.24527926036658
7946,0.0
7947,1282.2748938813106
7948,242.36686553322602
7949,233.62504047844823
7950,320.67144046217527
7951,0.0
7952,1282.6940235517409
7953,172.30841863331779
7954,338.15025936527263
7955,236.78219596161938
7956,217.88129854023376
7957,346.9517630013177
7958,0.0
7959,1281.980949840162
7960,241.38667574358809
7961,202.0023294785325
7962,0.0
7963,243.75135461040463
7964,349.7422944615872
7965,1280.2505424962062
7966,220.41935659277223
7967,304.01388820323433
7968,203.65449838881898
7969,0.0
7970,1284.4672670275988
7971,0.0
7972,314.4305728929185
7973,1286.9273403320233
7974,197.2123020518523
7975,212.69866036905947
7976,220.99199117515454
7977,0.0
7978,1286.9273403320233
7979,350.60981732734837
7980,242.06232308692174
7981,0.0
7982,349.1295524683324
7983,236.69554529245463
7984,1286.9273403320233
7985,193.12197955701856
7986,234.65317225523847
7987,348.5312263851554
7988,0.0
7989,209.0099209303815
7990,1286.9273403320233
7991,234.04941798900964
7992,0.0
7993,206.62361255400924
7994,348.46803004007023
7995,1286.9273403320233
7996,187.58257845097305
7997,348.86438315681113
7998,236.15359006754116
7999,0.0
8000,1286.9273403320233
8001,0.0
8002,189.35463266134838
8003,1234.9033143123934
8004,234.81846174889432
8005,345.6512082182314
8006,1193.559532981015
8007,345.68213157372145
8008,0.0
8009,189.26767341314968
8010,233.7108621162797
8011,189.53052218552878
8012,1187.1338933379702
8013,0.0
8014,346.7649695538687
8015,233.91486460125745
8016,0.0
8017,219.18052721601137
8018,186.7089168315299
8019,312.98940071389995
8020,1206.0250794540354
8021,0.0
8022,233.86344085570352
8023,341.5733566927028
8024,189.80305364569642
8025,1243.2278572526093
8026,1236.565488350377
8027,347.58457785705684
8028,198.3279650568312
8029,216.09861681277437
8030,234.30643024625584
8031,1244.0177000633864
8032,349.09149159249154
8033,223.17376683920173
8034,226.63346954657067
8035,233.8795543923351
8036,234.029214381013
8037,1247.2270884002648
8038,222.69311115653284
8039,243.52763208668583
8040,349.98562792882365
8041,240.7655496437817
8042,350.3508546585103
8043,222.47148157677515
8044,234.84626858550197
8045,1245.3193364456565
8046,235.92771497713116
8047,348.0821462269132
8048,222.63119765648253
8049,234.62342228331644
8050,1241.0592942461074
8051,1241.4019180583043
8052,345.42596197159463
8053,226.5132382507228
8054,233.73794419467683
8055,223.06807589292634
8056,222.88566139926473
8057,344.1879144007944
8058,1238.1028716851392
8059,233.5815489329549
8060,216.023952243395
8061,1237.864585986468
8062,222.44369081068686
8063,212.82363553562604
8064,234.0965438470095
8065,344.20701250514765
8066,233.50772513755751
8067,1232.0609212955178
8068,341.2037737011682
8069,210.68298523256675
8070,222.60242829017494
8071,233.44816748899595
8072,342.76464150317344
8073,1233.4788973087905
8074,221.31432588462135
8075,208.99810446242026
8076,342.1601017775505
8077,1226.5363911676627
8078,220.1731130146006
8079,232.68309681195439
8080,208.10478785889342
8081,340.8704450748689
8082,219.332561748518
8083,232.63175019622352
8084,202.43687843115006
8085,1224.1183178219198
8086,201.90111397327593
8087,220.4314704158942
8088,1223.0208663423537
8089,233.3482715971615
8090,340.50889606370777
8091,200.3920510416031
8092,1223.9037437075888
8093,340.16815636376043
8094,218.02854134263012
8095,233.21757788584776
8096,340.5529457134204
8097,232.60878680923182
8098,1222.87858041766
8099,215.19595432974404
8100,198.87282124281967
8101,1219.8029809716181
8102,207.6212038086664
8103,335.0105906266936
8104,232.6106475318029
8105,199.0251112185337
8106,339.50202777935743
8107,233.29787385329382
8108,208.12437601928974
8109,1222.8158458044231
8110,205.1720251840394
8111,189.99546271671608
8112,207.2900832683544
8113,233.37604928185303
8114,334.94735268641335
8115,1217.9945398135587
8116,1208.1956152956252
8117,207.3186777178462
8118,317.0101614615697
8119,189.88262111766173
8120,234.3137601950402
8121,190.33110473110344
8122,236.3360810944517
8123,209.7582912399554
8124,1216.0544635707931
8125,316.63300428006784
8126,244.0215497976548
8127,15.322740717505111
8128,204.01816630883297
8129,1219.9523129960544
8130,335.69443068504586
8131,209.4697094456503
8132,0.0
8133,244.89971078257125
8134,1219.389614869748
8135,318.2989448711235
8136,1211.7033434188638
8137,10.2028679345586
8138,245.48736463140764
8139,317.63591021233236
8140,214.9071561284184
8141,215.07949195574128
8142,315.54665132210306
8143,1144.9637263866944
8144,0.0
8145,244.2517027842945
8146,241.43212916614294
8147,215.8249138599661
8148,313.43383310695776
8149,1096.813031071084
8150,0.0
8151,1092.3870077721967
8152,315.4015025761459
8153,215.73451130492012
8154,0.0
8155,244.87409017863214
8156,215.85240463953016
8157,1064.8627090775353
8158,315.1761329207045
8159,245.00387424175034
8160,0.0
8161,213.9810568859687
8162,1042.211240721819
8163,244.86733058872298
8164,0.0
8165,313.3598742823143
8166,315.14910849578007
8167,1038.298731336157
8168,244.87455378902052
8169,0.0
8170,213.7727704572157
8171,214.0120534395581
8172,0.0
8173,314.9862712444202
8174,244.45881748499107
8175,1034.9713559361076
8176,214.00172554003427
8177,0.0
8178,1033.2813097180394
8179,314.95224976168333
8180,243.8058444381016
8181,1027.0612026347883
8182,314.5867588998321
8183,243.8490824989503
8184,0.0
8185,213.7266451973256
8186,0.0
8187,313.97667315446864
8188,213.30072875157242
8189,1025.8706914781228
8190,243.59566403388112
8191,213.51246590976172
8192,0.0
8193,314.01578026956827
8194,243.8751244223794
8195,1025.4175683248568
8196,241.38044442321237
8197,313.82731648179066
8198,1022.0434674895831
8199,213.2856658713552
8200,0.0
8201,268.79317730330183
8202,212.88560331392463
8203,1023.030720127962
8204,0.0
8205,240.7476997829235
8206,313.1677098096412
8207,212.56013425619562
8208,0.0
8209,241.53125799364236
8210,1014.2750152075239
8211,244.93349469553735
8212,212.7185237269191
8213,333.774224313383
8214,1016.9715693903906
8215,0.0
8216,213.03467472413925
8217,333.93682645721435
8218,0.0
8219,1018.0514789852346
8220,243.82798425722828
8221,69.96212228253255
8222,0.0
8223,334.0864238326203
8224,243.93489094042823
8225,1018.7551262496253
8226,1020.9983573325845
8227,337.20508153265894
8228,195.86235386945748
8229,248.66408381502825
8230,224.84567585126564
8231,1019.2731981660603
8232,230.67257194944494
8233,248.39173452667106
8234,336.1914425045589
8235,218.32255581074722
8236,220.11226395272365
8237,1019.138587601351
8238,248.47443696842876
8239,337.79440943335726
8240,240.44213018880376
8241,220.43861383893903
8242,248.58398556663676
8243,246.12426014171953
8244,1018.7473874147898
8245,337.7233464069226
8246,219.99737215869754
8247,335.73317426732575
8248,1014.2006247506198
8249,248.56765629279414
8250,234.0769622132454
8251,336.5658202429853
8252,219.8879582780589
8253,248.5432418704927
8254,223.92933569659226
8255,1019.3880948326589
8256,220.05404037292112
8257,248.55288478411492
8258,218.10095766083037
8259,1017.8522658148859
8260,322.77409937935886
8261,1015.6150797426413
8262,59.727481238023834
8263,248.54267744755484
8264,320.8635506712283
8265,219.1899275782783
8266,1013.6796097076036
8267,336.3688072405472
8268,0.0
8269,248.5273329280195
8270,218.0136027504017
8271,318.448723512543
8272,216.57516660299603
8273,0.0
8274,248.4171206042022
8275,1003.4146992353116
8276,315.4649586282841
8277,974.5119576196556
8278,215.23109095221466
8279,246.3122714139809
8280,0.0
8281,248.31760471620296
8282,316.935728474674
8283,0.0
8284,994.6644411820166
8285,213.45863519332045
8286,994.0167070541523
8287,318.33404106872723
8288,211.00242731780713
8289,248.3015366451678
8290,0.0
8291,981.443910631177
8292,204.01943014052475
8293,318.05003619095123
8294,248.34057796030785
8295,0.0
8296,0.0
8297,317.4125676572361
8298,247.74556324915267
8299,973.739205268938
8300,201.96235403008333
8301,243.51662905956576
8302,0.0
8303,317.46798463701754
8304,214.79890739149582
8305,973.3945124359707
8306,210.28428358414973
8307,243.52402361022524
8308,0.0
8309,317.93014259738686
8310,973.8673901469465
8311,243.60202007284133
8312,0.0
8313,974.1112832609043
8314,318.07143351705076
8315,209.10813321133665
8316,242.92908948870453
8317,318.7332267778832
8318,208.4979766837497
8319,974.9906962451414
8320,0.0
8321,242.796184077012
8322,974.1236116670057
8323,219.13639783555345
8324,0.0
8325,320.94133432301766
8326,20.61932792134565
8327,853.7209428487915
8328,211.62914315567446
8329,287.1857164708817
8330,225.9259083188964
8331,243.28983315558335
8332,973.4871001880554
8333,297.4106566728247
8334,0.0
8335,308.3806061050753
8336,0.0
8337,974.9947593207659
8338,225.10545126579848
8339,243.39138780368148
8340,342.0286739379925
8341,0.0
8342,221.59641931634775
8343,243.62090419582654
8344,973.2616455135935
8345,339.25317273500923
8346,0.0
8347,339.3694284903358
8348,243.7215083690687
8349,212.85254448508192
8350,972.663642248054
8351,243.7673936066525
8352,0.0
8353,339.3674644405467
8354,954.1707260741617
8355,0.0
8356,209.90548844955185
8357,0.0
8358,203.33951178793706
8359,947.402362955554
8360,339.3179393319209
8361,243.7433698820596
8362,0.0
8363,339.87908152980077
8364,0.0
8365,225.93374850971873
8366,947.5085138090553
8367,0.0
8368,243.15490089792945
8369,229.70874703061745
8370,243.07773501601147
8371,0.006964272280274292
8372,343.11826493609607
8373,0.0
8374,947.8750520220626
8375,0.006964272280274292
8376,243.0761631866975
8377,228.97263327924807
8378,342.16658326169863
8379,0.0
8380,947.1497647300681
8381,0.0
8382,243.0894217930633
8383,43.622886014093055
8384,342.3808697586367
8385,216.80074058226293
8386,0.006964272280274292
8387,215.9904649854142
8388,0.0
8389,243.10363981523196
8390,0.006042268030759576
8391,342.946215905676
8392,0.006964272280274292
8393,243.03720887259584
8394,0.006964272280274292
8395,0.0
8396,215.97443028770817
8397,193.2497020242814
8398,334.26644540088864
8399,243.04097358491973
8400,0.006964272280274292
8401,365.66037462041646
8402,306.89800080058427
8403,215.92218899139687
8404,0.0
8405,215.56477977643712
8406,243.11148583914348
8407,26.402592431969488
8408,342.4658409287039
8409,0.0
8410,250.05239457521762
8411,215.36907897579323
8412,278.1660249002594
8413,0.0
8414,342.4060100876394
8415,0.010866034964332577
8416,242.94784962688618
8417,285.9207518057433
8418,268.2729366629762
8419,215.37537805149805
8420,0.006042268030759576
8421,242.933859564613
8422,35.63611666466317
8423,342.17808930868637
8424,263.3010726395484
8425,215.52178086581614
8426,242.94328571905316
8427,338.02879169955713
8428,304.46823905365795
8429,262.578668528935
8430,242.93330782911164
8431,214.99834378048325
8432,212.6724972602298
8433,260.11839189999614
8434,242.97398603744423
8435,261.3904800976989
8436,394.5147958053352
8437,258.5458131560434
8438,212.51763064664533
8439,256.1479420522358
8440,242.87948658237636
8441,510.4089362082634
8442,601.375166300066
8443,207.52354839049025
8444,255.7681873014856
8445,242.89636495379017
8446,257.44079256029676
8447,255.14606954226593
8448,825.2034912799801
8449,255.99708558798764
8450,242.92113211250842
8451,201.58121001597578
8452,246.8215119243898
8453,255.28793104087697
8454,828.5839941371097
8455,242.93327663133746
8456,167.0043566365756
8457,255.28068678341845
8458,242.94053694942434
8459,169.1585734219414
8460,832.3502136370053
8461,244.199511888033
8462,37.54397369149668
8463,240.66839035906176
8464,830.987159280063
8465,242.97729532242386
8466,255.50620822372926
8467,0.0
8468,240.6756987746989
8469,255.31282175369586
8470,242.98478001048676
8471,831.0871829242384
8472,244.1397622308815
8473,833.5166981890922
8474,240.73738240646512
8475,0.0
8476,255.6218860188798
8477,835.7889221672783
8478,145.4862120584433
8479,24.321963297017763
8480,240.49934446973433
8481,255.44098465384295
8482,220.64349953580648
8483,255.13565364432992
8484,846.6366415486083
8485,199.7855277907662
8486,240.3157214701312
8487,255.64531789321
8488,231.00230170422105
8489,847.3107620592126
8490,242.55524096289628
8491,240.35121626380658
8492,240.25940118157072
8493,255.80173838591435
8494,244.5854494975361
8495,230.86105721460902
8496,850.5377897079599
8497,254.95684945832713
8498,240.41623076258026
8499,230.22364717864463
8500,243.0860004300021
8501,852.787986193778
8502,847.5924943221247
8503,243.37106365696138
8504,255.35306075717918
8505,240.7944400508306
8506,220.7848005904202
8507,849.3892720853717
8508,255.95272358810325
8509,243.91830136109604
8510,240.76416412593554
8511,215.57712879950935
8512,242.52483109580402
8513,844.5390191095573
8514,256.59852224289165
8515,240.81534000196294
8516,214.34591257452982
8517,240.78022843123966
8518,214.65856441105865
8519,844.2347152813592
8520,242.2358813497601
8521,256.6978369162319
8522,240.62634856503536
8523,256.2671744914462
8524,241.5352291199978
8525,841.4280829171098
8526,210.9327691935624
8527,210.5130983608242
8528,839.8759190911262
8529,241.16559531230422
8530,240.48501784401896
8531,255.88611756978386
8532,209.5598290129338
8533,240.70950902673096
8534,205.542777842846
8535,216.51306094742552
8536,836.2216393342636
8537,240.93966791349618
8538,208.17684613839816
8539,262.43021968631564
8540,240.37271525061104
8541,836.4725648569786
8542,207.82835034459617
8543,836.4455593523419
8544,256.16716132336256
8545,241.1698461299624
8546,238.87415241043928
8547,241.1021158452518
8548,240.08259557633755
8549,207.7251840242916
8550,835.0563034393039
8551,256.1153327338455
8552,836.3387648481227
8553,238.22603474328923
8554,207.6391067547255
8555,255.87496761396946
8556,241.1123441731463
8557,238.84583310241706
8558,835.3396604113311
8559,241.1465577301974
8560,207.7145106762796
8561,255.94059561990193
8562,255.8128998447426
8563,835.1093197553137
8564,196.71375145970916
8565,241.01355143487893
8566,234.671995499106
8567,835.8120267543482
8568,240.6153053461116
8569,235.32766261229517
8570,185.53637338664407
8571,256.1280065662125
8572,203.46423309371428
8573,257.12427255161856
8574,240.63112246784905
8575,234.4137929140022
8576,837.203192883378
8577,255.84649962808044
8578,240.5142323548003
8579,835.6786046265049
8580,234.56126805759837
8581,207.3433121435986
8582,235.1118652934349
8583,240.6063817253214
8584,836.8271864431572
8585,207.2625566561676
8586,256.19998147072397
8587,839.3155715725032
8588,207.2515709924955
8589,257.30791749470853
8590,237.08868797566953
8591,240.50122706791453
8592,257.2090939030606
8593,206.6937217078598
8594,839.0014403974249
8595,240.4785677106134
8596,234.74412738774717
8597,258.41005105523845
8598,838.4463404408496
8599,240.50308934714792
8600,204.71672852501092
8601,233.08266854155013
8602,837.9033769298958
8603,240.4875249075679
8604,196.03755338798567
8605,233.99450053572474
8606,257.49794020793223
8607,835.7577887836294
8608,240.67835069787645
8609,264.6202952447789
8610,186.06781691550077
8611,231.91465007074038
8612,210.29268082414222
8613,240.57779773981315
8614,838.2739723703728
8615,267.25149864452004
8616,231.70872094219285
8617,233.03877870928582
8618,211.42290835762083
8619,240.14005971793546
8620,835.5595407396614
8621,271.09840785750566
8622,834.703233737883
8623,232.9808883412664
8624,240.23016968666965
8625,210.51446730623866
8626,271.10374044746897
8627,98.56393757697555
8628,273.26543795671074
8629,240.42386359527163
8630,232.13920442065853
8631,835.042530318417
8632,239.95057744363754
8633,232.3750766866471
8634,273.93347915554335
8635,835.137450226396
8636,0.0
8637,834.7038441179791
8638,232.9089679467237
8639,239.88872046156283
8640,275.9415227627175
8641,0.0
8642,240.04502756301076
8643,837.3209144335149
8644,234.52717558025785
8645,0.0
8646,277.8482101749327
8647,836.4003754293735
8648,240.01341443733344
8649,277.8920430124493
8650,235.17663298699154
8651,0.0
8652,265.5145152462653
8653,797.0445779044676
8654,226.6993066188712
8655,17.778108795456724
8656,160.92835168863408
8657,154.48683121851207
8658,833.8667471293301
8659,230.03074504497857
8660,270.03116328582144
8661,315.81138204355346
8662,835.1667171761896
8663,232.10709360776568
8664,277.623366179171
8665,319.1300521153512
8666,238.97659540229182
8667,240.6824896521733
8668,221.39851985879127
8669,352.662908990151
8670,235.00377871955874
8671,837.4026579916715
8672,234.73689320447596
8673,834.1752318320897
8674,212.72614440043475
8675,240.52859819980944
8676,299.2565364429447
8677,235.5493388934665
8678,330.6007388829007
8679,836.3582974551455
8680,205.6271578723995
8681,240.49272833490843
8682,235.4470260277412
8683,833.7026581569451
8684,240.21988018276548
8685,283.1151747495225
8686,163.73600963848486
8687,283.1695076081506
8688,234.9341778303887
8689,838.2959245202267
8690,239.7975865848105
8691,209.54762457446168
8692,283.4173278287503
8693,239.4123518216819
8694,836.941683456649
8695,205.91510173297732
8696,234.784808121298
8697,239.997309746284
8698,227.60013191143042
8699,283.61129532512314
8700,840.4655204017505
8701,235.42084966693776
8702,238.31682104032654
8703,215.16853051263075
8704,282.8289273901571
8705,834.4639014013685
8706,233.77702967632072
8707,284.3269737564857
8708,235.03799843701853
8709,834.5524848708691
8710,239.89031105812148
8711,214.22828788555407
8712,234.57908928867414
8713,239.84200235035993
8714,883.0499868476687
8715,268.4261650182373
8716,212.51651431344948
8717,285.8829243969968
8718,235.18104092067696
8719,239.94208912427504
8720,211.03414400858892
8721,836.0901845669569
8722,210.8973385348125
8723,239.96827733370895
8724,235.00213419993207
8725,834.1360798792832
8726,285.80582731572844
8727,240.08198428367263
8728,285.8629895121158
8729,234.10185846853713
8730,197.9875242091435
8731,838.1141469304143
8732,286.59130847987285
8733,234.8625911146202
8734,208.8091097558252
8735,240.0589899894383
8736,841.7513785972714
8737,286.7844544098774
8738,841.6390773241243
8739,209.2317381043613
8740,240.04416713661448
8741,234.88263594065114
8742,840.0015089584556
8743,287.0428289755173
8744,207.7596347065285
8745,239.9079016908851
8746,235.02262473676976
8747,233.2775824718805
8748,286.94285215516203
8749,837.9726706602692
8750,239.8079791885396
8751,207.0012998997526
8752,209.3047751853339
8753,234.85765001860523
8754,286.36304212966974
8755,239.8974382586839
8756,838.1521226872188
8757,239.88191285222678
8758,839.3349851406737
8759,209.23022811472137
8760,285.20238501278527
8761,234.61562183515034
8762,234.29155963506778
8763,286.42025302188875
8764,209.62807791976803
8765,239.9437058130235
8766,837.4447403098862
8767,236.75198720480327
8768,233.1307910905944
8769,285.69186158438976
8770,838.679137959794
8771,207.84322134683117
8772,840.5169761623266
8773,207.9198461403501
8774,233.42150157289197
8775,236.76575377685873
8776,286.59331188176014
8777,207.9950609797512
8778,233.45422434471374
8779,839.3384940431521
8780,236.82915827986213
8781,286.6411911765212
8782,287.27376487655806
8783,207.84677195300705
8784,236.52496869521482
8785,840.3193749233193
8786,233.63127345999803
8787,236.58375746090658
8788,234.42782261725398
8789,288.43179396228004
8790,839.6241026569479
8791,207.91475759028822
8792,288.5161250626645
8793,234.77711284973546
8794,837.5114276075575
8795,119.86378266699104
8796,236.43142734044116
8797,234.66146128221453
8798,833.6065064870456
8799,373.8571005501618
8800,0.0
8801,236.40641420440727
8802,832.0370967214124
8803,234.67327499615214
8804,376.1004508370227
8805,0.0
8806,236.58664430847645
8807,214.6384825747287
8808,815.4117164606826
8809,326.96790155662177
8810,0.0
8811,234.46538764857883
8812,831.230661369128
8813,375.32893297833346
8814,234.80678603852888
8815,237.28451347294222
8816,0.0
8817,234.69910137111597
8818,342.53778258218244
8819,215.18777023882643
8820,820.7609893152147
8821,0.0
8822,377.6985452877866
8823,829.5178360412639
8824,0.0
8825,235.71429636362723
8826,234.48027112362726
8827,276.9026719847353
8828,825.9588733487769
8829,233.92418628479237
8830,0.0
8831,157.50836174006574
8832,0.0
8833,54.83575579686306
8834,0.0
8835,227.95060046973873
8836,833.0386436613583
8837,0.0
8838,173.30139323486353
8839,901.3752259440063
8840,246.21180558488518
8841,0.0
8842,900.7311638032554
8843,246.5093553845575
8844,0.0
8845,0.0
8846,202.24411118137908
8847,192.71877773119127
8848,763.1662825798646
8849,225.03386868646268
8850,0.0
8851,0.0
8852,246.39947658519196
8853,852.4850502240317
8854,0.0
8855,210.96795062366422
8856,0.0
8857,864.7892692520813
8858,211.08905892359272
8859,0.0
8860,0.0
8861,246.39655496063313
8862,211.53479111093668
8863,0.0
8864,862.8222141255476
8865,0.0
8866,246.59527119902552
8867,0.0
8868,212.6230532259146
8869,858.4807302682882
8870,0.0
8871,246.52305078894292
8872,0.0
8873,0.0
8874,210.80101649436358
8875,246.5074137942774
8876,858.6063531399719
8877,210.80776776388424
8878,246.48668012556675
8879,0.0
8880,0.0
8881,867.0934223335169
8882,245.7263876698643
8883,0.0
8884,0.0
8885,210.16937409931154
8886,835.1959092964983
8887,0.0
8888,212.89451533049646
8889,243.64343797427006
8890,836.9498772466909
8891,0.0
8892,216.63309643285146
8893,837.6425367050679
8894,159.52278722817118
8895,0.0
8896,0.0
8897,217.11843552532355
8898,837.0599384515284
8899,0.0
8900,159.79593518564502
8901,0.0
8902,836.9545003178149
8903,0.0
8904,0.0
8905,217.32089953935878
8906,159.81875138871968
8907,833.9403937427813
8908,159.38602072232348
8909,0.0
8910,216.6930678428714
8911,0.0
8912,157.7584515685813
8913,216.32763299510654
8914,0.0
8915,835.6344452713292
8916,0.0
8917,832.62138276606
8918,0.0
8919,0.0
8920,156.54483023543963
8921,215.6949185831406
8922,0.0
8923,832.3564355835903
8924,0.0
8925,156.81159631589776
8926,211.70542703557214
8927,832.5759002953937
8928,0.0
8929,242.4142427955828
8930,0.0
8931,215.0282668295411
8932,216.16862648552706
8933,831.621558016736
8934,0.0
8935,242.46985837248752
8936,0.0
8937,0.0
8938,216.43402102205823
8939,825.0523175478131
8940,0.0
8941,242.41430700949186
8942,824.8899597487687
8943,0.0
8944,0.0
8945,242.46994108594757
8946,215.74033658550292
8947,242.5374171944028
8948,825.0632666433598
8949,0.0
8950,0.0
8951,215.90245233512553
8952,0.0
8953,242.50572329683445
8954,0.0
8955,213.87014029698076
8956,820.6953875359845
8957,242.21566696823032
8958,820.2539865346644
8959,211.91504809089025
8960,0.0
8961,0.0
8962,813.4391320586121
8963,229.50594581999593
8964,0.0
8965,0.0
8966,210.58470978060276
8967,0.0
8968,212.14322408350867
8969,243.2849174612333
8970,822.1209406500973
8971,0.0
8972,820.6554989149214
8973,214.57999367787897
8974,243.1081933987491
8975,0.0
8976,0.006964272280274292
8977,243.0131493226
8978,0.006964272280274292
8979,819.5073882424025
8980,207.19159277480918
8981,0.0
8982,0.006964272280274292
8983,0.0
8984,821.5979919617728
8985,0.006964272280274292
8986,242.73757328840531
8987,0.006964272280274292
8988,0.0
8989,242.66441247034322
8990,0.0
8991,821.8892715971263
8992,0.0
8993,821.894021121527
8994,0.0
8995,242.83983949790584
8996,0.006964272280274292
8997,0.0
8998,823.5876259500536
8999,0.006964272280274292
9000,241.98714954356856
9001,0.0
9002,0.0
9003,0.006964272280274292
9004,0.0
9005,825.0144025421107
9006,242.01982741712004
9007,0.006964272280274292
9008,241.85323298570418
9009,0.0
9010,824.8513450528347
9011,0.0
9012,241.60081184651702
9013,0.006964272280274292
9014,822.6735922867794
9015,0.0
9016,0.0
9017,822.4844940608771
9018,0.011792460035668358
9019,0.006964272280274292
9020,241.67716621167543
9021,0.0
9022,0.0
9023,825.900368709695
9024,0.006964272280274292
9025,241.64802485329682
9026,0.011792460035668358
9027,0.0
9028,241.82190634781784
9029,0.006964272280274292
9030,0.011792460035668358
9031,832.0841141841739
9032,0.006964272280274292
9033,0.011792460035668358
9034,833.1945988221521
9035,241.8370308024116
9036,0.0
9037,830.217467053852
9038,0.006964272280274292
9039,241.63463041282586
9040,0.011792460035668358
9041,0.0
9042,0.011792460035668358
9043,0.0
9044,834.8532076659636
9045,0.006964272280274292
9046,241.8375451894608
9047,214.37001338373028
9048,0.006964272280274292
9049,0.011792460035668358
9050,830.0930180583823
9051,0.0
9052,0.011792460035668358
9053,0.006964272280274292
9054,0.0
9055,838.2281046786075
9056,0.010651443569254604
9057,0.006964272280274292
9058,0.0
9059,835.0612868136373
9060,0.0
9061,0.011792460035668358
9062,0.006964272280274292
9063,0.0
9064,833.3386385799336
9065,0.0
9066,0.011792460035668358
9067,0.006964272280274292
9068,0.0
9069,0.0
9070,0.011792460035668358
9071,825.6014596172714
9072,0.011792460035668358
9073,0.006964272280274292
9074,0.0
9075,823.7905381938156
9076,0.0
9077,0.011792460035668358
9078,0.0
9079,0.006964272280274292
9080,827.7233040144904
9081,0.0
9082,0.0
9083,827.0922362879226
9084,0.011792460035668358
9085,0.006964272280274292
9086,0.0
9087,0.006964272280274292
9088,0.011792460035668358
9089,828.1848963107905
9090,0.0
9091,0.0
9092,0.0
9093,0.011792460035668358
9094,0.0
9095,0.006964272280274292
9096,833.5119332005239
9097,0.011792460035668358
9098,0.0
9099,0.006964272280274292
9100,830.8083809600284
9101,0.0
9102,0.011792460035668358
9103,0.006964272280274292
9104,827.3018198385485
9105,0.0
9106,0.0
9107,0.011792460035668358
9108,833.6473971088528
9109,0.0
9110,0.0
9111,0.006964272280274292
9112,0.0
9113,0.006964272280274292
9114,0.011792460035668358
9115,0.0
9116,829.4818641612218
9117,0.0
9118,0.011792460035668358
9119,0.0
9120,828.4685376812203
9121,0.006964272280274292
9122,0.006964272280274292
9123,828.9137550752174
9124,0.0
9125,0.0
9126,0.011792460035668358
9127,0.0
9128,0.011792460035668358
9129,0.006964272280274292
9130,0.0
9131,827.1992713357088
9132,0.0
9133,0.0
9134,827.6136816479332
9135,0.011792460035668358
9136,0.006964272280274292
9137,829.9962755612053
9138,0.0
9139,0.011792460035668358
9140,0.006964272280274292
9141,0.0
9142,0.0
9143,0.006964272280274292
9144,0.011792460035668358
9145,0.0
9146,834.8093683452731
9147,0.0
9148,830.4157645580538
9149,0.0
9150,0.011792460035668358
9151,0.006964272280274292
9152,0.011792460035668358
9153,0.0
9154,0.006964272280274292
9155,831.049699652302
9156,0.0
9157,0.011792460035668358
9158,0.006964272280274292
9159,318.58993606955767
9160,0.0
9161,0.0
